Learinig rate, Hidden Neurons, Momentum, training set, test set, min Iteration,max Iteration,mean Iteration,std Iteration, min MSE,max MSE,mean MSE,std MSE,
0.3,13,0.7,70,30,9055.0,10870.0,10182.0,803.731713114934,0.00088396,0.00097196,0.00092826,0.00003593,
0.4,13,0.7,70,30,8460.0,10888.0,9355.0,1088.865311536127,0.00067509,0.00092935,0.00076778,0.00011466,
0.5,13,0.7,70,30,7537.0,8671.0,7937.0,519.5013634887465,0.00056779,0.00086148,0.00069918,0.00012187,
0.3,14,0.7,70,30,9020.0,9428.0,9260.0,174.45152144172698,0.00090379,0.00095769,0.00093069,0.00002200,
0.4,14,0.7,70,30,7086.0,10933.0,9111.0,1577.1634876152398,0.00083840,0.00089351,0.00087410,0.00002527,
0.5,14,0.7,70,30,8159.0,8880.0,8616.0,324.84355208828345,0.00090872,0.00098091,0.00094810,0.00002983,
0.3,15,0.7,70,30,8098.0,11248.0,9845.0,1308.7849326761063,0.00053992,0.00085118,0.00069787,0.00012711,
0.4,15,0.7,70,30,8531.0,10435.0,9538.0,781.2338531664724,0.00073122,0.00089582,0.00083997,0.00007691,
0.5,15,0.7,70,30,6749.0,9543.0,7947.0,1174.8509125274861,0.00091679,0.00099254,0.00096187,0.00003256,
