Learinig rate, Hidden Neurons, Momentum, training set, test set, min Iteration,max Iteration,mean Iteration,std Iteration, min MSE,max MSE,mean MSE,std MSE,
0.3,13,0.7,70,30,1.0,1.0,1.0,0.0,0.01342282,0.02684564,0.02125280,0.00570360,
0.4,13,0.7,70,30,1.0,1.0,1.0,0.0,0.02013423,0.03691275,0.02684564,0.00724915,
0.5,13,0.7,70,30,1.0,1.0,1.0,0.0,0.02013423,0.02684564,0.02348993,0.00273992,
0.3,14,0.7,70,30,1.0,1.0,1.0,0.0,0.01677852,0.03691275,0.02796421,0.00837060,
0.4,14,0.7,70,30,1.0,1.0,1.0,0.0,0.02348993,0.02684564,0.02572707,0.00158189,
0.5,14,0.7,70,30,1.0,1.0,1.0,0.0,0.02013423,0.02348993,0.02237136,0.00158189,
0.3,15,0.7,70,30,1.0,1.0,1.0,0.0,0.02013423,0.02684564,0.02460850,0.00316379,
0.4,15,0.7,70,30,1.0,1.0,1.0,0.0,0.02348993,0.03355705,0.02684564,0.00474568,
0.5,15,0.7,70,30,1.0,1.0,1.0,0.0,0.01342282,0.02013423,0.01789709,0.00316379,
